original_nombre,substitute_nombre,similarity_score,reason,vegan_safe,gluten_free_safe,cost_ratio
aceite de coco,aceite vegetal,1.0,"Similar en: poder aglutinante, aporte de humedad, contenido graso, nivel de dulzor, capacidad leudante",True,True,0.44
aceite de coco,manteca vegetal,1.0,"Similar en: poder aglutinante, aporte de humedad, contenido graso, nivel de dulzor, capacidad leudante",True,True,0.67
aceite de coco,aceite de oliva,1.0,"Similar en: poder aglutinante, aporte de humedad, contenido graso, nivel de dulzor, capacidad leudante",True,True,0.89
aceite de coco,aceite de girasol,1.0,"Similar en: poder aglutinante, aporte de humedad, contenido graso, nivel de dulzor, capacidad leudante",True,True,0.44
aceite de coco,margarina vegana,0.9963,"Similar en: poder aglutinante, aporte de humedad, contenido graso, nivel de dulzor, capacidad leudante",True,True,0.89
aceite de girasol,aceite vegetal,1.0,"Similar en: poder aglutinante, aporte de humedad, contenido graso, nivel de dulzor, capacidad leudante",True,True,1.0
aceite de girasol,manteca vegetal,1.0,"Similar en: poder aglutinante, aporte de humedad, contenido graso, nivel de dulzor, capacidad leudante",True,True,1.5
aceite de girasol,aceite de oliva,1.0,"Similar en: poder aglutinante, aporte de humedad, contenido graso, nivel de dulzor, capacidad leudante",True,True,2.0
aceite de girasol,aceite de coco,1.0,"Similar en: poder aglutinante, aporte de humedad, contenido graso, nivel de dulzor, capacidad leudante",True,True,2.25
aceite de girasol,margarina vegana,0.9963,"Similar en: poder aglutinante, aporte de humedad, contenido graso, nivel de dulzor, capacidad leudante",True,True,2.0
aceite de oliva,aceite vegetal,1.0,"Similar en: poder aglutinante, aporte de humedad, contenido graso, nivel de dulzor, capacidad leudante",True,True,0.5
aceite de oliva,manteca vegetal,1.0,"Similar en: poder aglutinante, aporte de humedad, contenido graso, nivel de dulzor, capacidad leudante",True,True,0.75
aceite de oliva,aceite de coco,1.0,"Similar en: poder aglutinante, aporte de humedad, contenido graso, nivel de dulzor, capacidad leudante",True,True,1.12
aceite de oliva,aceite de girasol,1.0,"Similar en: poder aglutinante, aporte de humedad, contenido graso, nivel de dulzor, capacidad leudante",True,True,0.5
aceite de oliva,margarina vegana,0.9963,"Similar en: poder aglutinante, aporte de humedad, contenido graso, nivel de dulzor, capacidad leudante",True,True,1.0
aceite vegetal,manteca vegetal,1.0,"Similar en: poder aglutinante, aporte de humedad, contenido graso, nivel de dulzor, capacidad leudante",True,True,1.5
aceite vegetal,aceite de oliva,1.0,"Similar en: poder aglutinante, aporte de humedad, contenido graso, nivel de dulzor, capacidad leudante",True,True,2.0
aceite vegetal,aceite de coco,1.0,"Similar en: poder aglutinante, aporte de humedad, contenido graso, nivel de dulzor, capacidad leudante",True,True,2.25
aceite vegetal,aceite de girasol,1.0,"Similar en: poder aglutinante, aporte de humedad, contenido graso, nivel de dulzor, capacidad leudante",True,True,1.0
aceite vegetal,margarina vegana,0.9963,"Similar en: poder aglutinante, aporte de humedad, contenido graso, nivel de dulzor, capacidad leudante",True,True,2.0
agar agar,gelatina sin sabor,1.0,"Similar en: poder aglutinante, aporte de humedad, contenido graso, nivel de dulzor, capacidad leudante",False,True,0.67
agar agar,psyllium husk,0.9987,"Similar en: poder aglutinante, aporte de humedad, contenido graso, nivel de dulzor, capacidad leudante",True,True,1.5
agar agar,goma xantana,0.9964,"Similar en: poder aglutinante, aporte de humedad, contenido graso, nivel de dulzor, capacidad leudante",True,True,2.08
agar agar,almidon de papa,0.9531,"Similar en: aporte de humedad, contenido graso, nivel de dulzor, capacidad leudante",True,True,0.33
agar agar,harina de coco,0.9318,"Similar en: aporte de humedad, contenido graso, nivel de dulzor, capacidad leudante",True,True,1.0
aguacate,leche de soya,0.9747,"Similar en: poder aglutinante, aporte de humedad, contenido graso, nivel de dulzor, capacidad leudante",True,True,0.44
aguacate,leche entera,0.9732,"Similar en: poder aglutinante, aporte de humedad, contenido graso, nivel de dulzor, capacidad leudante",False,True,0.22
aguacate,leche de macadamia,0.9693,"Similar en: poder aglutinante, contenido graso, nivel de dulzor, capacidad leudante",True,True,0.8
aguacate,leche de almendra,0.9667,"Similar en: poder aglutinante, contenido graso, nivel de dulzor, capacidad leudante",True,True,0.5
aguacate,leche de avena,0.9594,"Similar en: poder aglutinante, aporte de humedad, contenido graso, nivel de dulzor, capacidad leudante",True,True,0.56
algarroba en polvo,xilitol,0.9426,"Similar en: poder aglutinante, aporte de humedad, contenido graso, capacidad leudante",True,True,1.67
algarroba en polvo,eritritol,0.9426,"Similar en: poder aglutinante, aporte de humedad, contenido graso, capacidad leudante",True,True,1.5
algarroba en polvo,stevia,0.921,"Similar en: poder aglutinante, aporte de humedad, contenido graso, capacidad leudante",True,True,2.08
algarroba en polvo,azucar de coco,0.9173,"Similar en: poder aglutinante, aporte de humedad, contenido graso, capacidad leudante",True,True,1.17
algarroba en polvo,azucar blanca,0.8938,"Similar en: poder aglutinante, aporte de humedad, contenido graso, capacidad leudante",True,True,0.1
almidon de maiz,harina integral,0.9992,"Similar en: poder aglutinante, aporte de humedad, contenido graso, nivel de dulzor, capacidad leudante",True,False,0.4
almidon de maiz,tapioca,0.9977,"Similar en: poder aglutinante, aporte de humedad, contenido graso, nivel de dulzor, capacidad leudante",True,True,1.67
almidon de maiz,harina de quinoa,0.9931,"Similar en: poder aglutinante, aporte de humedad, contenido graso, nivel de dulzor, capacidad leudante",True,True,2.67
almidon de maiz,harina de garbanzo,0.9735,"Similar en: poder aglutinante, aporte de humedad, contenido graso, nivel de dulzor, capacidad leudante",True,True,1.33
almidon de maiz,harina de trigo,0.9655,"Similar en: poder aglutinante, aporte de humedad, contenido graso, nivel de dulzor, capacidad leudante",True,False,0.3
almidon de papa,tapioca,0.967,"Similar en: poder aglutinante, aporte de humedad, contenido graso, nivel de dulzor, capacidad leudante",True,True,1.25
almidon de papa,harina integral,0.9605,"Similar en: poder aglutinante, aporte de humedad, contenido graso, nivel de dulzor, capacidad leudante",True,False,0.3
almidon de papa,almidon de maiz,0.9571,"Similar en: poder aglutinante, aporte de humedad, contenido graso, nivel de dulzor, capacidad leudante",True,True,0.75
almidon de papa,agar agar,0.9531,"Similar en: aporte de humedad, contenido graso, nivel de dulzor, capacidad leudante",True,True,3.0
almidon de papa,harina de quinoa,0.953,"Similar en: poder aglutinante, aporte de humedad, contenido graso, nivel de dulzor, capacidad leudante",True,True,2.0
aquafaba,yogur natural,0.9861,"Similar en: poder aglutinante, aporte de humedad, contenido graso, nivel de dulzor, capacidad leudante",False,True,2.0
aquafaba,huevo,0.9654,"Similar en: poder aglutinante, aporte de humedad, contenido graso, nivel de dulzor, capacidad leudante",False,True,175.0
aquafaba,gel de linaza,0.9632,"Similar en: poder aglutinante, aporte de humedad, contenido graso, nivel de dulzor, capacidad leudante",True,True,3.0
aquafaba,gel de chia,0.9624,"Similar en: poder aglutinante, aporte de humedad, contenido graso, nivel de dulzor, capacidad leudante",True,True,4.0
aquafaba,tofu sedoso,0.9617,"Similar en: poder aglutinante, aporte de humedad, contenido graso, nivel de dulzor, capacidad leudante",True,True,2.5
avena,harina de avena,0.9998,"Similar en: poder aglutinante, aporte de humedad, contenido graso, nivel de dulzor, capacidad leudante",True,True,1.5
avena,harina de trigo,0.987,"Similar en: poder aglutinante, aporte de humedad, contenido graso, nivel de dulzor, capacidad leudante",True,False,0.45
avena,semola,0.9851,"Similar en: poder aglutinante, aporte de humedad, contenido graso, nivel de dulzor, capacidad leudante",True,False,0.5
avena,harina de maiz,0.9609,"Similar en: poder aglutinante, aporte de humedad, contenido graso, nivel de dulzor, capacidad leudante",True,True,0.75
avena,harina de quinoa,0.9555,"Similar en: poder aglutinante, aporte de humedad, contenido graso, nivel de dulzor, capacidad leudante",True,True,4.0
azucar blanca,azucar flor,1.0,"Similar en: poder aglutinante, aporte de humedad, contenido graso, nivel de dulzor, capacidad leudante",True,True,1.5
azucar blanca,stevia,0.9972,"Similar en: poder aglutinante, aporte de humedad, contenido graso, nivel de dulzor, capacidad leudante",True,True,20.83
azucar blanca,panela,0.997,"Similar en: poder aglutinante, aporte de humedad, contenido graso, nivel de dulzor, capacidad leudante",True,True,3.33
azucar blanca,azucar morena,0.9966,"Similar en: poder aglutinante, aporte de humedad, contenido graso, nivel de dulzor, capacidad leudante",True,True,1.67
azucar blanca,azucar de coco,0.9956,"Similar en: poder aglutinante, aporte de humedad, contenido graso, capacidad leudante",True,True,11.67
azucar de coco,panela,0.9979,"Similar en: poder aglutinante, aporte de humedad, contenido graso, nivel de dulzor, capacidad leudante",True,True,0.29
azucar de coco,azucar morena,0.9964,"Similar en: poder aglutinante, aporte de humedad, contenido graso, capacidad leudante",True,True,0.14
azucar de coco,azucar blanca,0.9956,"Similar en: poder aglutinante, aporte de humedad, contenido graso, capacidad leudante",True,True,0.09
azucar de coco,azucar flor,0.9954,"Similar en: poder aglutinante, aporte de humedad, contenido graso, capacidad leudante",True,True,0.13
azucar de coco,stevia,0.995,"Similar en: poder aglutinante, aporte de humedad, contenido graso, nivel de dulzor, capacidad leudante",True,True,1.79
azucar flor,azucar blanca,1.0,"Similar en: poder aglutinante, aporte de humedad, contenido graso, nivel de dulzor, capacidad leudante",True,True,0.67
azucar flor,stevia,0.9973,"Similar en: poder aglutinante, aporte de humedad, contenido graso, nivel de dulzor, capacidad leudante",True,True,13.89
azucar flor,panela,0.9968,"Similar en: poder aglutinante, aporte de humedad, contenido graso, nivel de dulzor, capacidad leudante",True,True,2.22
azucar flor,azucar morena,0.9964,"Similar en: poder aglutinante, aporte de humedad, contenido graso, nivel de dulzor, capacidad leudante",True,True,1.11
azucar flor,azucar de coco,0.9954,"Similar en: poder aglutinante, aporte de humedad, contenido graso, capacidad leudante",True,True,7.78
azucar morena,panela,0.9998,"Similar en: poder aglutinante, aporte de humedad, contenido graso, nivel de dulzor, capacidad leudante",True,True,2.0
azucar morena,azucar blanca,0.9966,"Similar en: poder aglutinante, aporte de humedad, contenido graso, nivel de dulzor, capacidad leudante",True,True,0.6
azucar morena,azucar flor,0.9964,"Similar en: poder aglutinante, aporte de humedad, contenido graso, nivel de dulzor, capacidad leudante",True,True,0.9
azucar morena,azucar de coco,0.9964,"Similar en: poder aglutinante, aporte de humedad, contenido graso, capacidad leudante",True,True,7.0
azucar morena,miel,0.9964,"Similar en: poder aglutinante, aporte de humedad, contenido graso, nivel de dulzor, capacidad leudante",False,True,6.0
bicarbonato de sodio,levadura seca,0.9988,"Similar en: poder aglutinante, aporte de humedad, contenido graso, nivel de dulzor, capacidad leudante",True,True,2.0
bicarbonato de sodio,polvo de hornear,0.9977,"Similar en: poder aglutinante, aporte de humedad, contenido graso, nivel de dulzor, capacidad leudante",True,True,1.6
bicarbonato de sodio,cremor tartaro,0.9706,"Similar en: poder aglutinante, aporte de humedad, contenido graso, nivel de dulzor",True,True,3.0
bicarbonato de sodio,levadura fresca,0.9536,"Similar en: poder aglutinante, contenido graso, nivel de dulzor, capacidad leudante",True,True,1.2
bicarbonato de sodio,buttermilk,0.686,"Similar en: contenido graso, nivel de dulzor",False,True,0.5
buttermilk,yogur vegano,0.925,"Similar en: poder aglutinante, aporte de humedad, contenido graso, nivel de dulzor, capacidad leudante",True,True,2.4
buttermilk,vinagre blanco,0.8976,"Similar en: aporte de humedad, contenido graso, nivel de dulzor, capacidad leudante",True,True,0.8
buttermilk,yogur natural,0.893,"Similar en: poder aglutinante, aporte de humedad, contenido graso, nivel de dulzor, capacidad leudante",False,True,1.6
buttermilk,aquafaba,0.8892,"Similar en: aporte de humedad, contenido graso, nivel de dulzor, capacidad leudante",True,True,0.8
buttermilk,crema agria,0.8861,"Similar en: poder aglutinante, contenido graso, nivel de dulzor, capacidad leudante",False,True,2.0
cacao amargo,cacao en polvo,1.0,"Similar en: poder aglutinante, aporte de humedad, contenido graso, nivel de dulzor, capacidad leudante",True,True,0.68
cacao amargo,harina de maiz,0.9668,"Similar en: poder aglutinante, aporte de humedad, contenido graso, nivel de dulzor, capacidad leudante",True,True,0.07
cacao amargo,sal,0.9605,"Similar en: poder aglutinante, aporte de humedad, contenido graso, nivel de dulzor, capacidad leudante",True,True,0.02
cacao amargo,cafe soluble,0.953,"Similar en: poder aglutinante, aporte de humedad, contenido graso, nivel de dulzor, capacidad leudante",True,True,0.91
cacao amargo,avena,0.9495,"Similar en: poder aglutinante, aporte de humedad, contenido graso, nivel de dulzor, capacidad leudante",True,True,0.09
cacao en polvo,cacao amargo,1.0,"Similar en: poder aglutinante, aporte de humedad, contenido graso, nivel de dulzor, capacidad leudante",True,True,1.47
cacao en polvo,harina de maiz,0.9668,"Similar en: poder aglutinante, aporte de humedad, contenido graso, nivel de dulzor, capacidad leudante",True,True,0.1
cacao en polvo,sal,0.9605,"Similar en: poder aglutinante, aporte de humedad, contenido graso, nivel de dulzor, capacidad leudante",True,True,0.03
cacao en polvo,cafe soluble,0.953,"Similar en: poder aglutinante, aporte de humedad, contenido graso, nivel de dulzor, capacidad leudante",True,True,1.33
cacao en polvo,avena,0.9495,"Similar en: poder aglutinante, aporte de humedad, contenido graso, nivel de dulzor, capacidad leudante",True,True,0.13
cafe soluble,sal,0.9992,"Similar en: poder aglutinante, aporte de humedad, contenido graso, nivel de dulzor, capacidad leudante",True,True,0.02
cafe soluble,canela,0.9972,"Similar en: poder aglutinante, aporte de humedad, contenido graso, nivel de dulzor, capacidad leudante",True,True,0.5
cafe soluble,harina de maiz,0.9893,"Similar en: poder aglutinante, aporte de humedad, contenido graso, nivel de dulzor, capacidad leudante",True,True,0.08
cafe soluble,harina de arroz,0.9865,"Similar en: poder aglutinante, aporte de humedad, contenido graso, nivel de dulzor, capacidad leudante",True,True,0.1
cafe soluble,cacao en polvo,0.953,"Similar en: poder aglutinante, aporte de humedad, contenido graso, nivel de dulzor, capacidad leudante",True,True,0.75
canela,cafe soluble,0.9972,"Similar en: poder aglutinante, aporte de humedad, contenido graso, nivel de dulzor, capacidad leudante",True,True,2.0
canela,sal,0.9937,"Similar en: poder aglutinante, aporte de humedad, contenido graso, nivel de dulzor, capacidad leudante",True,True,0.05
canela,harina de maiz,0.9796,"Similar en: poder aglutinante, aporte de humedad, contenido graso, nivel de dulzor, capacidad leudante",True,True,0.15
canela,harina de arroz,0.9792,"Similar en: poder aglutinante, aporte de humedad, contenido graso, nivel de dulzor, capacidad leudante",True,True,0.2
canela,cacao en polvo,0.9358,"Similar en: poder aglutinante, aporte de humedad, contenido graso, nivel de dulzor, capacidad leudante",True,True,1.5
chocolate blanco,chocolate cobertura,0.9921,"Similar en: poder aglutinante, aporte de humedad, contenido graso, nivel de dulzor, capacidad leudante",True,True,0.9
chocolate blanco,xilitol,0.9292,"Similar en: poder aglutinante, aporte de humedad, nivel de dulzor, capacidad leudante",True,True,1.0
chocolate blanco,eritritol,0.9292,"Similar en: poder aglutinante, aporte de humedad, nivel de dulzor, capacidad leudante",True,True,0.9
chocolate blanco,stevia,0.9289,"Similar en: poder aglutinante, aporte de humedad, capacidad leudante",True,True,1.25
chocolate blanco,azucar blanca,0.927,"Similar en: poder aglutinante, aporte de humedad, capacidad leudante",True,True,0.06
chocolate cobertura,chocolate blanco,0.9921,"Similar en: poder aglutinante, aporte de humedad, contenido graso, nivel de dulzor, capacidad leudante",False,True,1.11
chocolate cobertura,xilitol,0.9149,"Similar en: poder aglutinante, aporte de humedad, nivel de dulzor, capacidad leudante",True,True,1.11
chocolate cobertura,eritritol,0.9149,"Similar en: poder aglutinante, aporte de humedad, nivel de dulzor, capacidad leudante",True,True,1.0
chocolate cobertura,stevia,0.914,"Similar en: poder aglutinante, aporte de humedad, capacidad leudante",True,True,1.39
chocolate cobertura,azucar blanca,0.914,"Similar en: poder aglutinante, aporte de humedad, capacidad leudante",True,True,0.07
crema,crema de coco,0.9985,"Similar en: poder aglutinante, aporte de humedad, contenido graso, nivel de dulzor, capacidad leudante",True,True,1.17
crema,leche de coco,0.9533,"Similar en: poder aglutinante, aporte de humedad, contenido graso, nivel de dulzor, capacidad leudante",True,True,0.58
crema,queso crema,0.8812,"Similar en: poder aglutinante, aporte de humedad, contenido graso, nivel de dulzor, capacidad leudante",False,True,3.33
crema,crema agria,0.8435,"Similar en: poder aglutinante, aporte de humedad, contenido graso, nivel de dulzor, capacidad leudante",False,True,0.83
crema,aguacate,0.8432,"Similar en: poder aglutinante, aporte de humedad, nivel de dulzor, capacidad leudante",True,True,0.83
crema agria,aguacate,0.948,"Similar en: poder aglutinante, aporte de humedad, contenido graso, nivel de dulzor, capacidad leudante",True,True,1.0
crema agria,leche de macadamia,0.9232,"Similar en: poder aglutinante, contenido graso, nivel de dulzor, capacidad leudante",True,True,0.8
crema agria,leche de coco,0.9214,"Similar en: poder aglutinante, aporte de humedad, contenido graso, nivel de dulzor, capacidad leudante",True,True,0.7
crema agria,leche entera,0.9187,"Similar en: poder aglutinante, aporte de humedad, contenido graso, nivel de dulzor, capacidad leudante",False,True,0.22
crema agria,leche de almendra,0.9184,"Similar en: poder aglutinante, contenido graso, nivel de dulzor, capacidad leudante",True,True,0.5
crema de coco,crema,0.9985,"Similar en: poder aglutinante, aporte de humedad, contenido graso, nivel de dulzor, capacidad leudante",False,True,0.86
crema de coco,leche de coco,0.9532,"Similar en: poder aglutinante, aporte de humedad, contenido graso, nivel de dulzor, capacidad leudante",True,True,0.5
crema de coco,queso crema,0.8675,"Similar en: poder aglutinante, aporte de humedad, contenido graso, nivel de dulzor, capacidad leudante",False,True,2.86
crema de coco,aguacate,0.839,"Similar en: poder aglutinante, aporte de humedad, contenido graso, nivel de dulzor, capacidad leudante",True,True,0.71
crema de coco,margarina vegana,0.8348,"Similar en: poder aglutinante, nivel de dulzor, capacidad leudante",True,True,1.14
cremor tartaro,bicarbonato de sodio,0.9706,"Similar en: poder aglutinante, aporte de humedad, contenido graso, nivel de dulzor",True,True,0.33
cremor tartaro,levadura seca,0.9582,"Similar en: poder aglutinante, aporte de humedad, contenido graso, nivel de dulzor",True,True,0.67
cremor tartaro,polvo de hornear,0.9525,"Similar en: poder aglutinante, aporte de humedad, contenido graso, nivel de dulzor",True,True,0.53
cremor tartaro,levadura fresca,0.8771,"Similar en: poder aglutinante, contenido graso, nivel de dulzor",True,True,0.4
cremor tartaro,sal,0.7547,"Similar en: poder aglutinante, aporte de humedad, contenido graso, nivel de dulzor",True,True,0.03
datiles molidos,miel,0.9923,"Similar en: poder aglutinante, aporte de humedad, contenido graso, nivel de dulzor, capacidad leudante",False,True,1.2
datiles molidos,azucar morena,0.9899,"Similar en: poder aglutinante, aporte de humedad, contenido graso, capacidad leudante",True,True,0.2
datiles molidos,panela,0.989,"Similar en: poder aglutinante, aporte de humedad, contenido graso, capacidad leudante",True,True,0.4
datiles molidos,azucar de coco,0.9837,"Similar en: poder aglutinante, aporte de humedad, contenido graso, nivel de dulzor, capacidad leudante",True,True,1.4
datiles molidos,jarabe de maple,0.9796,"Similar en: poder aglutinante, aporte de humedad, contenido graso, nivel de dulzor, capacidad leudante",True,True,2.0
eritritol,xilitol,1.0,"Similar en: poder aglutinante, aporte de humedad, contenido graso, nivel de dulzor, capacidad leudante",True,True,1.11
eritritol,stevia,0.9979,"Similar en: poder aglutinante, aporte de humedad, contenido graso, nivel de dulzor, capacidad leudante",True,True,1.39
eritritol,azucar de coco,0.9912,"Similar en: poder aglutinante, aporte de humedad, contenido graso, nivel de dulzor, capacidad leudante",True,True,0.78
eritritol,azucar blanca,0.9906,"Similar en: poder aglutinante, aporte de humedad, contenido graso, capacidad leudante",True,True,0.07
eritritol,azucar flor,0.9906,"Similar en: poder aglutinante, aporte de humedad, contenido graso, capacidad leudante",True,True,0.1
gel de chia,gel de linaza,0.9999,"Similar en: poder aglutinante, aporte de humedad, contenido graso, nivel de dulzor, capacidad leudante",True,True,0.75
gel de chia,platano maduro,0.9934,"Similar en: poder aglutinante, aporte de humedad, contenido graso, nivel de dulzor, capacidad leudante",True,True,0.25
gel de chia,tofu sedoso,0.9872,"Similar en: poder aglutinante, aporte de humedad, contenido graso, nivel de dulzor, capacidad leudante",True,True,0.62
gel de chia,huevo,0.9857,"Similar en: poder aglutinante, aporte de humedad, contenido graso, nivel de dulzor, capacidad leudante",False,True,43.75
gel de chia,pure de manzana,0.9839,"Similar en: poder aglutinante, aporte de humedad, contenido graso, nivel de dulzor, capacidad leudante",True,True,0.38
gel de linaza,gel de chia,0.9999,"Similar en: poder aglutinante, aporte de humedad, contenido graso, nivel de dulzor, capacidad leudante",True,True,1.33
gel de linaza,platano maduro,0.9926,"Similar en: poder aglutinante, aporte de humedad, contenido graso, nivel de dulzor, capacidad leudante",True,True,0.33
gel de linaza,tofu sedoso,0.9884,"Similar en: poder aglutinante, aporte de humedad, contenido graso, nivel de dulzor, capacidad leudante",True,True,0.83
gel de linaza,huevo,0.9852,"Similar en: poder aglutinante, aporte de humedad, contenido graso, nivel de dulzor, capacidad leudante",False,True,58.33
gel de linaza,pure de manzana,0.9848,"Similar en: poder aglutinante, aporte de humedad, contenido graso, nivel de dulzor, capacidad leudante",True,True,0.5
gelatina sin sabor,agar agar,1.0,"Similar en: poder aglutinante, aporte de humedad, contenido graso, nivel de dulzor, capacidad leudante",True,True,1.5
gelatina sin sabor,psyllium husk,0.9987,"Similar en: poder aglutinante, aporte de humedad, contenido graso, nivel de dulzor, capacidad leudante",True,True,2.25
gelatina sin sabor,goma xantana,0.9967,"Similar en: poder aglutinante, aporte de humedad, contenido graso, nivel de dulzor, capacidad leudante",True,True,3.12
gelatina sin sabor,almidon de papa,0.9523,"Similar en: aporte de humedad, contenido graso, nivel de dulzor, capacidad leudante",True,True,0.5
gelatina sin sabor,harina de coco,0.9291,"Similar en: aporte de humedad, contenido graso, nivel de dulzor, capacidad leudante",True,True,1.5
goma xantana,psyllium husk,0.9991,"Similar en: poder aglutinante, aporte de humedad, contenido graso, nivel de dulzor, capacidad leudante",True,True,0.72
goma xantana,gelatina sin sabor,0.9967,"Similar en: poder aglutinante, aporte de humedad, contenido graso, nivel de dulzor, capacidad leudante",False,True,0.32
goma xantana,agar agar,0.9964,"Similar en: poder aglutinante, aporte de humedad, contenido graso, nivel de dulzor, capacidad leudante",True,True,0.48
goma xantana,almidon de papa,0.9247,"Similar en: aporte de humedad, contenido graso, nivel de dulzor, capacidad leudante",True,True,0.16
goma xantana,harina de coco,0.9133,"Similar en: aporte de humedad, contenido graso, nivel de dulzor, capacidad leudante",True,True,0.48
harina de almendra,mantequilla de mani,0.9993,"Similar en: poder aglutinante, aporte de humedad, contenido graso, nivel de dulzor, capacidad leudante",True,True,0.56
harina de almendra,semillas de lino,0.9957,"Similar en: poder aglutinante, aporte de humedad, contenido graso, nivel de dulzor, capacidad leudante",True,True,0.33
harina de almendra,nueces molidas,0.9799,"Similar en: poder aglutinante, aporte de humedad, contenido graso, nivel de dulzor, capacidad leudante",True,True,0.83
harina de almendra,margarina vegana,0.9321,"Similar en: poder aglutinante, aporte de humedad, nivel de dulzor, capacidad leudante",True,True,0.44
harina de almendra,mantequilla,0.932,"Similar en: poder aglutinante, aporte de humedad, nivel de dulzor, capacidad leudante",False,True,0.67
harina de arroz,harina de maiz,0.997,"Similar en: poder aglutinante, aporte de humedad, contenido graso, nivel de dulzor, capacidad leudante",True,True,0.75
harina de arroz,cafe soluble,0.9865,"Similar en: poder aglutinante, aporte de humedad, contenido graso, nivel de dulzor, capacidad leudante",True,True,10.0
harina de arroz,sal,0.9858,"Similar en: poder aglutinante, aporte de humedad, contenido graso, nivel de dulzor, capacidad leudante",True,True,0.25
harina de arroz,canela,0.9792,"Similar en: poder aglutinante, aporte de humedad, contenido graso, nivel de dulzor, capacidad leudante",True,True,5.0
harina de arroz,semola,0.9663,"Similar en: poder aglutinante, aporte de humedad, contenido graso, nivel de dulzor, capacidad leudante",True,False,0.5
harina de avena,avena,0.9998,"Similar en: poder aglutinante, aporte de humedad, contenido graso, nivel de dulzor, capacidad leudante",True,True,0.67
harina de avena,harina de trigo,0.9872,"Similar en: poder aglutinante, aporte de humedad, contenido graso, nivel de dulzor, capacidad leudante",True,False,0.3
harina de avena,semola,0.985,"Similar en: poder aglutinante, aporte de humedad, contenido graso, nivel de dulzor, capacidad leudante",True,False,0.33
harina de avena,harina de maiz,0.9604,"Similar en: poder aglutinante, aporte de humedad, contenido graso, nivel de dulzor, capacidad leudante",True,True,0.5
harina de avena,harina de quinoa,0.9554,"Similar en: poder aglutinante, aporte de humedad, contenido graso, nivel de dulzor, capacidad leudante",True,True,2.67
harina de coco,harina de garbanzo,0.9607,"Similar en: poder aglutinante, aporte de humedad, contenido graso, nivel de dulzor, capacidad leudante",True,True,0.33
harina de coco,harina de quinoa,0.9503,"Similar en: poder aglutinante, aporte de humedad, contenido graso, nivel de dulzor, capacidad leudante",True,True,0.67
harina de coco,almidon de papa,0.9342,"Similar en: poder aglutinante, aporte de humedad, contenido graso, nivel de dulzor, capacidad leudante",True,True,0.33
harina de coco,agar agar,0.9318,"Similar en: aporte de humedad, contenido graso, nivel de dulzor, capacidad leudante",True,True,1.0
harina de coco,gelatina sin sabor,0.9291,"Similar en: aporte de humedad, contenido graso, nivel de dulzor, capacidad leudante",False,True,0.67
harina de garbanzo,harina de quinoa,0.9804,"Similar en: poder aglutinante, aporte de humedad, contenido graso, nivel de dulzor, capacidad leudante",True,True,2.0
harina de garbanzo,almidon de maiz,0.9735,"Similar en: poder aglutinante, aporte de humedad, contenido graso, nivel de dulzor, capacidad leudante",True,True,0.75
harina de garbanzo,harina integral,0.9718,"Similar en: poder aglutinante, aporte de humedad, contenido graso, nivel de dulzor, capacidad leudante",True,False,0.3
harina de garbanzo,tapioca,0.9616,"Similar en: poder aglutinante, aporte de humedad, contenido graso, nivel de dulzor, capacidad leudante",True,True,1.25
harina de garbanzo,harina de coco,0.9607,"Similar en: poder aglutinante, aporte de humedad, contenido graso, nivel de dulzor, capacidad leudante",True,True,3.0
harina de maiz,harina de arroz,0.997,"Similar en: poder aglutinante, aporte de humedad, contenido graso, nivel de dulzor, capacidad leudante",True,True,1.33
harina de maiz,sal,0.9906,"Similar en: poder aglutinante, aporte de humedad, contenido graso, nivel de dulzor, capacidad leudante",True,True,0.33
harina de maiz,cafe soluble,0.9893,"Similar en: poder aglutinante, aporte de humedad, contenido graso, nivel de dulzor, capacidad leudante",True,True,13.33
harina de maiz,canela,0.9796,"Similar en: poder aglutinante, aporte de humedad, contenido graso, nivel de dulzor, capacidad leudante",True,True,6.67
harina de maiz,cacao en polvo,0.9668,"Similar en: poder aglutinante, aporte de humedad, contenido graso, nivel de dulzor, capacidad leudante",True,True,10.0
harina de quinoa,harina integral,0.9958,"Similar en: poder aglutinante, aporte de humedad, contenido graso, nivel de dulzor, capacidad leudante",True,False,0.15
harina de quinoa,almidon de maiz,0.9931,"Similar en: poder aglutinante, aporte de humedad, contenido graso, nivel de dulzor, capacidad leudante",True,True,0.38
harina de quinoa,tapioca,0.9874,"Similar en: poder aglutinante, aporte de humedad, contenido graso, nivel de dulzor, capacidad leudante",True,True,0.62
harina de quinoa,harina de garbanzo,0.9804,"Similar en: poder aglutinante, aporte de humedad, contenido graso, nivel de dulzor, capacidad leudante",True,True,0.5
harina de quinoa,avena,0.9555,"Similar en: poder aglutinante, aporte de humedad, contenido graso, nivel de dulzor, capacidad leudante",True,True,0.25
harina de trigo,semola,0.9998,"Similar en: poder aglutinante, aporte de humedad, contenido graso, nivel de dulzor, capacidad leudante",True,False,1.11
harina de trigo,harina de avena,0.9872,"Similar en: poder aglutinante, aporte de humedad, contenido graso, nivel de dulzor, capacidad leudante",True,True,3.33
harina de trigo,avena,0.987,"Similar en: poder aglutinante, aporte de humedad, contenido graso, nivel de dulzor, capacidad leudante",True,True,2.22
harina de trigo,harina de arroz,0.9659,"Similar en: poder aglutinante, aporte de humedad, contenido graso, nivel de dulzor, capacidad leudante",True,True,2.22
harina de trigo,almidon de maiz,0.9655,"Similar en: poder aglutinante, aporte de humedad, contenido graso, nivel de dulzor, capacidad leudante",True,True,3.33
harina integral,almidon de maiz,0.9992,"Similar en: poder aglutinante, aporte de humedad, contenido graso, nivel de dulzor, capacidad leudante",True,True,2.5
harina integral,tapioca,0.9975,"Similar en: poder aglutinante, aporte de humedad, contenido graso, nivel de dulzor, capacidad leudante",True,True,4.17
harina integral,harina de quinoa,0.9958,"Similar en: poder aglutinante, aporte de humedad, contenido graso, nivel de dulzor, capacidad leudante",True,True,6.67
harina integral,harina de garbanzo,0.9718,"Similar en: poder aglutinante, aporte de humedad, contenido graso, nivel de dulzor, capacidad leudante",True,True,3.33
harina integral,harina de trigo,0.9624,"Similar en: poder aglutinante, aporte de humedad, contenido graso, nivel de dulzor, capacidad leudante",True,False,0.75
huevo,gel de chia,0.9857,"Similar en: poder aglutinante, aporte de humedad, contenido graso, nivel de dulzor, capacidad leudante",True,True,0.02
huevo,gel de linaza,0.9852,"Similar en: poder aglutinante, aporte de humedad, contenido graso, nivel de dulzor, capacidad leudante",True,True,0.02
huevo,platano maduro,0.9759,"Similar en: poder aglutinante, aporte de humedad, contenido graso, nivel de dulzor, capacidad leudante",True,True,0.01
huevo,aquafaba,0.9654,"Similar en: poder aglutinante, aporte de humedad, contenido graso, nivel de dulzor, capacidad leudante",True,True,0.01
huevo,tofu sedoso,0.9531,"Similar en: aporte de humedad, contenido graso, nivel de dulzor, capacidad leudante",True,True,0.01
jarabe de agave,leche condensada,0.993,"Similar en: poder aglutinante, aporte de humedad, contenido graso, nivel de dulzor, capacidad leudante",False,True,0.53
jarabe de agave,jarabe de maple,0.9912,"Similar en: poder aglutinante, aporte de humedad, contenido graso, nivel de dulzor, capacidad leudante",True,True,1.33
jarabe de agave,stevia,0.9885,"Similar en: poder aglutinante, contenido graso, nivel de dulzor, capacidad leudante",True,True,1.67
jarabe de agave,azucar flor,0.9872,"Similar en: poder aglutinante, contenido graso, capacidad leudante",True,True,0.12
jarabe de agave,azucar blanca,0.9865,"Similar en: poder aglutinante, contenido graso, capacidad leudante",True,True,0.08
jarabe de maple,jarabe de agave,0.9912,"Similar en: poder aglutinante, aporte de humedad, contenido graso, nivel de dulzor, capacidad leudante",True,True,0.75
jarabe de maple,leche condensada,0.9901,"Similar en: poder aglutinante, aporte de humedad, contenido graso, nivel de dulzor, capacidad leudante",False,True,0.4
jarabe de maple,miel,0.9895,"Similar en: poder aglutinante, aporte de humedad, contenido graso, capacidad leudante",False,True,0.6
jarabe de maple,datiles molidos,0.9796,"Similar en: poder aglutinante, aporte de humedad, contenido graso, nivel de dulzor, capacidad leudante",True,True,0.5
jarabe de maple,azucar flor,0.9784,"Similar en: poder aglutinante, contenido graso, capacidad leudante",True,True,0.09
jugo de limon,vinagre blanco,0.9868,"Similar en: poder aglutinante, aporte de humedad, contenido graso, nivel de dulzor, capacidad leudante",True,True,0.67
jugo de limon,leche de arroz,0.9832,"Similar en: poder aglutinante, aporte de humedad, contenido graso, nivel de dulzor, capacidad leudante",True,True,0.67
jugo de limon,leche de avena,0.9709,"Similar en: poder aglutinante, aporte de humedad, contenido graso, nivel de dulzor, capacidad leudante",True,True,0.93
jugo de limon,leche descremada,0.9707,"Similar en: poder aglutinante, aporte de humedad, contenido graso, nivel de dulzor, capacidad leudante",False,True,0.3
jugo de limon,leche de almendra,0.9695,"Similar en: poder aglutinante, aporte de humedad, contenido graso, nivel de dulzor, capacidad leudante",True,True,0.83
leche condensada,jarabe de agave,0.993,"Similar en: poder aglutinante, aporte de humedad, contenido graso, nivel de dulzor, capacidad leudante",True,True,1.88
leche condensada,miel,0.9919,"Similar en: poder aglutinante, aporte de humedad, contenido graso, capacidad leudante",False,True,1.5
leche condensada,azucar flor,0.9905,"Similar en: poder aglutinante, contenido graso, capacidad leudante",True,True,0.22
leche condensada,jarabe de maple,0.9901,"Similar en: poder aglutinante, aporte de humedad, contenido graso, nivel de dulzor, capacidad leudante",True,True,2.5
leche condensada,azucar blanca,0.99,"Similar en: poder aglutinante, contenido graso, capacidad leudante",True,True,0.15
leche de almendra,leche de macadamia,0.9997,"Similar en: poder aglutinante, aporte de humedad, contenido graso, nivel de dulzor, capacidad leudante",True,True,1.6
leche de almendra,leche de avena,0.9991,"Similar en: poder aglutinante, aporte de humedad, contenido graso, nivel de dulzor, capacidad leudante",True,True,1.12
leche de almendra,leche descremada,0.998,"Similar en: poder aglutinante, aporte de humedad, contenido graso, nivel de dulzor, capacidad leudante",False,True,0.36
leche de almendra,leche de soya,0.9893,"Similar en: poder aglutinante, aporte de humedad, contenido graso, nivel de dulzor, capacidad leudante",True,True,0.88
leche de almendra,leche entera,0.9888,"Similar en: poder aglutinante, aporte de humedad, contenido graso, nivel de dulzor, capacidad leudante",False,True,0.44
leche de arroz,leche de avena,0.9889,"Similar en: poder aglutinante, aporte de humedad, contenido graso, nivel de dulzor, capacidad leudante",True,True,1.4
leche de arroz,leche descremada,0.988,"Similar en: poder aglutinante, aporte de humedad, contenido graso, nivel de dulzor, capacidad leudante",False,True,0.45
leche de arroz,leche de macadamia,0.9853,"Similar en: poder aglutinante, aporte de humedad, contenido graso, nivel de dulzor, capacidad leudante",True,True,2.0
leche de arroz,leche de almendra,0.9851,"Similar en: poder aglutinante, aporte de humedad, contenido graso, nivel de dulzor, capacidad leudante",True,True,1.25
leche de arroz,jugo de limon,0.9832,"Similar en: poder aglutinante, aporte de humedad, contenido graso, nivel de dulzor, capacidad leudante",True,True,1.5
leche de avena,leche descremada,0.9995,"Similar en: poder aglutinante, aporte de humedad, contenido graso, nivel de dulzor, capacidad leudante",False,True,0.32
leche de avena,leche de almendra,0.9991,"Similar en: poder aglutinante, aporte de humedad, contenido graso, nivel de dulzor, capacidad leudante",True,True,0.89
leche de avena,leche de macadamia,0.999,"Similar en: poder aglutinante, aporte de humedad, contenido graso, nivel de dulzor, capacidad leudante",True,True,1.43
leche de avena,leche de arroz,0.9889,"Similar en: poder aglutinante, aporte de humedad, contenido graso, nivel de dulzor, capacidad leudante",True,True,0.71
leche de avena,leche entera,0.9862,"Similar en: poder aglutinante, aporte de humedad, contenido graso, nivel de dulzor, capacidad leudante",False,True,0.39
leche de coco,crema,0.9533,"Similar en: poder aglutinante, aporte de humedad, contenido graso, nivel de dulzor, capacidad leudante",False,True,1.71
leche de coco,crema de coco,0.9532,"Similar en: poder aglutinante, aporte de humedad, contenido graso, nivel de dulzor, capacidad leudante",True,True,2.0
leche de coco,aguacate,0.9497,"Similar en: poder aglutinante, aporte de humedad, contenido graso, nivel de dulzor, capacidad leudante",True,True,1.43
leche de coco,leche de macadamia,0.9232,"Similar en: poder aglutinante, nivel de dulzor, capacidad leudante",True,True,1.14
leche de coco,crema agria,0.9214,"Similar en: poder aglutinante, aporte de humedad, contenido graso, nivel de dulzor, capacidad leudante",False,True,1.43
leche de macadamia,leche de almendra,0.9997,"Similar en: poder aglutinante, aporte de humedad, contenido graso, nivel de dulzor, capacidad leudante",True,True,0.62
leche de macadamia,leche de avena,0.999,"Similar en: poder aglutinante, aporte de humedad, contenido graso, nivel de dulzor, capacidad leudante",True,True,0.7
leche de macadamia,leche descremada,0.9975,"Similar en: poder aglutinante, aporte de humedad, contenido graso, nivel de dulzor, capacidad leudante",False,True,0.22
leche de macadamia,leche entera,0.9884,"Similar en: poder aglutinante, aporte de humedad, contenido graso, nivel de dulzor, capacidad leudante",False,True,0.28
leche de macadamia,leche de soya,0.9879,"Similar en: poder aglutinante, aporte de humedad, contenido graso, nivel de dulzor, capacidad leudante",True,True,0.55
leche de soya,leche entera,0.9984,"Similar en: poder aglutinante, aporte de humedad, contenido graso, nivel de dulzor, capacidad leudante",False,True,0.5
leche de soya,leche de almendra,0.9893,"Similar en: poder aglutinante, aporte de humedad, contenido graso, nivel de dulzor, capacidad leudante",True,True,1.14
leche de soya,leche de macadamia,0.9879,"Similar en: poder aglutinante, aporte de humedad, contenido graso, nivel de dulzor, capacidad leudante",True,True,1.82
leche de soya,leche de avena,0.985,"Similar en: poder aglutinante, aporte de humedad, contenido graso, nivel de dulzor, capacidad leudante",True,True,1.27
leche de soya,leche descremada,0.9845,"Similar en: poder aglutinante, aporte de humedad, contenido graso, nivel de dulzor, capacidad leudante",False,True,0.41
leche descremada,leche de avena,0.9995,"Similar en: poder aglutinante, aporte de humedad, contenido graso, nivel de dulzor, capacidad leudante",True,True,3.11
leche descremada,leche de almendra,0.998,"Similar en: poder aglutinante, aporte de humedad, contenido graso, nivel de dulzor, capacidad leudante",True,True,2.78
leche descremada,leche de macadamia,0.9975,"Similar en: poder aglutinante, aporte de humedad, contenido graso, nivel de dulzor, capacidad leudante",True,True,4.44
leche descremada,leche de arroz,0.988,"Similar en: poder aglutinante, aporte de humedad, contenido graso, nivel de dulzor, capacidad leudante",True,True,2.22
leche descremada,leche entera,0.9859,"Similar en: poder aglutinante, aporte de humedad, contenido graso, nivel de dulzor, capacidad leudante",False,True,1.22
leche entera,leche de soya,0.9984,"Similar en: poder aglutinante, aporte de humedad, contenido graso, nivel de dulzor, capacidad leudante",True,True,2.0
leche entera,leche de almendra,0.9888,"Similar en: poder aglutinante, aporte de humedad, contenido graso, nivel de dulzor, capacidad leudante",True,True,2.27
leche entera,leche de macadamia,0.9884,"Similar en: poder aglutinante, aporte de humedad, contenido graso, nivel de dulzor, capacidad leudante",True,True,3.64
leche entera,leche de avena,0.9862,"Similar en: poder aglutinante, aporte de humedad, contenido graso, nivel de dulzor, capacidad leudante",True,True,2.55
leche entera,leche descremada,0.9859,"Similar en: poder aglutinante, aporte de humedad, contenido graso, nivel de dulzor, capacidad leudante",False,True,0.82
levadura fresca,polvo de hornear,0.9686,"Similar en: poder aglutinante, contenido graso, nivel de dulzor, capacidad leudante",True,True,1.33
levadura fresca,levadura seca,0.9651,"Similar en: poder aglutinante, contenido graso, nivel de dulzor, capacidad leudante",True,True,1.67
levadura fresca,bicarbonato de sodio,0.9536,"Similar en: poder aglutinante, contenido graso, nivel de dulzor, capacidad leudante",True,True,0.83
levadura fresca,cremor tartaro,0.8771,"Similar en: poder aglutinante, contenido graso, nivel de dulzor",True,True,2.5
levadura fresca,buttermilk,0.8506,"Similar en: contenido graso, nivel de dulzor",False,True,0.42
levadura seca,polvo de hornear,0.9997,"Similar en: poder aglutinante, aporte de humedad, contenido graso, nivel de dulzor, capacidad leudante",True,True,0.8
levadura seca,bicarbonato de sodio,0.9988,"Similar en: poder aglutinante, aporte de humedad, contenido graso, nivel de dulzor, capacidad leudante",True,True,0.5
levadura seca,levadura fresca,0.9651,"Similar en: poder aglutinante, contenido graso, nivel de dulzor, capacidad leudante",True,True,0.6
levadura seca,cremor tartaro,0.9582,"Similar en: poder aglutinante, aporte de humedad, contenido graso, nivel de dulzor",True,True,1.5
levadura seca,buttermilk,0.7094,"Similar en: contenido graso, nivel de dulzor",False,True,0.25
manteca vegetal,aceite vegetal,1.0,"Similar en: poder aglutinante, aporte de humedad, contenido graso, nivel de dulzor, capacidad leudante",True,True,0.67
manteca vegetal,aceite de oliva,1.0,"Similar en: poder aglutinante, aporte de humedad, contenido graso, nivel de dulzor, capacidad leudante",True,True,1.33
manteca vegetal,aceite de coco,1.0,"Similar en: poder aglutinante, aporte de humedad, contenido graso, nivel de dulzor, capacidad leudante",True,True,1.5
manteca vegetal,aceite de girasol,1.0,"Similar en: poder aglutinante, aporte de humedad, contenido graso, nivel de dulzor, capacidad leudante",True,True,0.67
manteca vegetal,margarina vegana,0.9963,"Similar en: poder aglutinante, aporte de humedad, contenido graso, nivel de dulzor, capacidad leudante",True,True,1.33
mantequilla,margarina vegana,1.0,"Similar en: poder aglutinante, aporte de humedad, contenido graso, nivel de dulzor, capacidad leudante",True,True,0.67
mantequilla,aceite vegetal,0.9962,"Similar en: poder aglutinante, aporte de humedad, contenido graso, nivel de dulzor, capacidad leudante",True,True,0.33
mantequilla,aceite de coco,0.9962,"Similar en: poder aglutinante, aporte de humedad, contenido graso, nivel de dulzor, capacidad leudante",True,True,0.75
mantequilla,aceite de girasol,0.9962,"Similar en: poder aglutinante, aporte de humedad, contenido graso, nivel de dulzor, capacidad leudante",True,True,0.33
mantequilla,manteca vegetal,0.9962,"Similar en: poder aglutinante, aporte de humedad, contenido graso, nivel de dulzor, capacidad leudante",True,True,0.5
mantequilla de mani,harina de almendra,0.9993,"Similar en: poder aglutinante, aporte de humedad, contenido graso, nivel de dulzor, capacidad leudante",True,True,1.8
mantequilla de mani,semillas de lino,0.9936,"Similar en: poder aglutinante, aporte de humedad, contenido graso, nivel de dulzor, capacidad leudante",True,True,0.6
mantequilla de mani,nueces molidas,0.9784,"Similar en: poder aglutinante, aporte de humedad, contenido graso, nivel de dulzor, capacidad leudante",True,True,1.5
mantequilla de mani,margarina vegana,0.9278,"Similar en: poder aglutinante, aporte de humedad, nivel de dulzor, capacidad leudante",True,True,0.8
mantequilla de mani,mantequilla,0.9276,"Similar en: poder aglutinante, aporte de humedad, nivel de dulzor, capacidad leudante",False,True,1.2
margarina vegana,mantequilla,1.0,"Similar en: poder aglutinante, aporte de humedad, contenido graso, nivel de dulzor, capacidad leudante",False,True,1.5
margarina vegana,aceite vegetal,0.9963,"Similar en: poder aglutinante, aporte de humedad, contenido graso, nivel de dulzor, capacidad leudante",True,True,0.5
margarina vegana,aceite de coco,0.9963,"Similar en: poder aglutinante, aporte de humedad, contenido graso, nivel de dulzor, capacidad leudante",True,True,1.12
margarina vegana,aceite de girasol,0.9963,"Similar en: poder aglutinante, aporte de humedad, contenido graso, nivel de dulzor, capacidad leudante",True,True,0.5
margarina vegana,manteca vegetal,0.9963,"Similar en: poder aglutinante, aporte de humedad, contenido graso, nivel de dulzor, capacidad leudante",True,True,0.75
miel,azucar morena,0.9964,"Similar en: poder aglutinante, aporte de humedad, contenido graso, nivel de dulzor, capacidad leudante",True,True,0.17
miel,panela,0.9956,"Similar en: poder aglutinante, aporte de humedad, contenido graso, nivel de dulzor, capacidad leudante",True,True,0.33
miel,azucar flor,0.995,"Similar en: poder aglutinante, aporte de humedad, contenido graso, nivel de dulzor, capacidad leudante",True,True,0.15
miel,azucar blanca,0.9949,"Similar en: poder aglutinante, aporte de humedad, contenido graso, nivel de dulzor, capacidad leudante",True,True,0.1
miel,datiles molidos,0.9923,"Similar en: poder aglutinante, aporte de humedad, contenido graso, nivel de dulzor, capacidad leudante",True,True,0.83
nueces molidas,margarina vegana,0.9837,"Similar en: poder aglutinante, aporte de humedad, contenido graso, nivel de dulzor, capacidad leudante",True,True,0.53
nueces molidas,mantequilla,0.9835,"Similar en: poder aglutinante, aporte de humedad, contenido graso, nivel de dulzor, capacidad leudante",False,True,0.8
nueces molidas,aceite vegetal,0.982,"Similar en: poder aglutinante, aporte de humedad, nivel de dulzor, capacidad leudante",True,True,0.27
nueces molidas,aceite de girasol,0.982,"Similar en: poder aglutinante, aporte de humedad, nivel de dulzor, capacidad leudante",True,True,0.27
nueces molidas,manteca vegetal,0.982,"Similar en: poder aglutinante, aporte de humedad, nivel de dulzor, capacidad leudante",True,True,0.4
panela,azucar morena,0.9998,"Similar en: poder aglutinante, aporte de humedad, contenido graso, nivel de dulzor, capacidad leudante",True,True,0.5
panela,azucar de coco,0.9979,"Similar en: poder aglutinante, aporte de humedad, contenido graso, nivel de dulzor, capacidad leudante",True,True,3.5
panela,azucar blanca,0.997,"Similar en: poder aglutinante, aporte de humedad, contenido graso, nivel de dulzor, capacidad leudante",True,True,0.3
panela,azucar flor,0.9968,"Similar en: poder aglutinante, aporte de humedad, contenido graso, nivel de dulzor, capacidad leudante",True,True,0.45
panela,miel,0.9956,"Similar en: poder aglutinante, aporte de humedad, contenido graso, nivel de dulzor, capacidad leudante",False,True,3.0
platano maduro,gel de chia,0.9934,"Similar en: poder aglutinante, aporte de humedad, contenido graso, nivel de dulzor, capacidad leudante",True,True,4.0
platano maduro,gel de linaza,0.9926,"Similar en: poder aglutinante, aporte de humedad, contenido graso, nivel de dulzor, capacidad leudante",True,True,3.0
platano maduro,pure de manzana,0.9857,"Similar en: poder aglutinante, aporte de humedad, contenido graso, nivel de dulzor, capacidad leudante",True,True,1.5
platano maduro,tofu sedoso,0.9773,"Similar en: poder aglutinante, aporte de humedad, contenido graso, nivel de dulzor, capacidad leudante",True,True,2.5
platano maduro,huevo,0.9759,"Similar en: poder aglutinante, aporte de humedad, contenido graso, nivel de dulzor, capacidad leudante",False,True,175.0
polvo de hornear,levadura seca,0.9997,"Similar en: poder aglutinante, aporte de humedad, contenido graso, nivel de dulzor, capacidad leudante",True,True,1.25
polvo de hornear,bicarbonato de sodio,0.9977,"Similar en: poder aglutinante, aporte de humedad, contenido graso, nivel de dulzor, capacidad leudante",True,True,0.62
polvo de hornear,levadura fresca,0.9686,"Similar en: poder aglutinante, contenido graso, nivel de dulzor, capacidad leudante",True,True,0.75
polvo de hornear,cremor tartaro,0.9525,"Similar en: poder aglutinante, aporte de humedad, contenido graso, nivel de dulzor",True,True,1.88
polvo de hornear,buttermilk,0.7196,"Similar en: contenido graso, nivel de dulzor",False,True,0.31
psyllium husk,goma xantana,0.9991,"Similar en: poder aglutinante, aporte de humedad, contenido graso, nivel de dulzor, capacidad leudante",True,True,1.39
psyllium husk,gelatina sin sabor,0.9987,"Similar en: poder aglutinante, aporte de humedad, contenido graso, nivel de dulzor, capacidad leudante",False,True,0.44
psyllium husk,agar agar,0.9987,"Similar en: poder aglutinante, aporte de humedad, contenido graso, nivel de dulzor, capacidad leudante",True,True,0.67
psyllium husk,almidon de papa,0.9372,"Similar en: aporte de humedad, contenido graso, nivel de dulzor, capacidad leudante",True,True,0.22
psyllium husk,harina de coco,0.9272,"Similar en: aporte de humedad, contenido graso, nivel de dulzor, capacidad leudante",True,True,0.67
pure de calabaza,pure de zapallo,1.0,"Similar en: poder aglutinante, aporte de humedad, contenido graso, nivel de dulzor, capacidad leudante",True,True,1.0
pure de calabaza,pure de remolacha,0.9925,"Similar en: poder aglutinante, aporte de humedad, contenido graso, nivel de dulzor, capacidad leudante",True,True,1.0
pure de calabaza,tofu sedoso,0.9923,"Similar en: poder aglutinante, aporte de humedad, contenido graso, nivel de dulzor, capacidad leudante",True,True,2.5
pure de calabaza,pure de manzana,0.9888,"Similar en: poder aglutinante, aporte de humedad, contenido graso, nivel de dulzor, capacidad leudante",True,True,1.5
pure de calabaza,yogur natural,0.9833,"Similar en: poder aglutinante, aporte de humedad, contenido graso, nivel de dulzor, capacidad leudante",False,True,2.0
pure de manzana,tofu sedoso,0.9946,"Similar en: poder aglutinante, aporte de humedad, contenido graso, nivel de dulzor, capacidad leudante",True,True,1.67
pure de manzana,pure de zapallo,0.9888,"Similar en: poder aglutinante, aporte de humedad, contenido graso, nivel de dulzor, capacidad leudante",True,True,0.67
pure de manzana,pure de calabaza,0.9888,"Similar en: poder aglutinante, aporte de humedad, contenido graso, nivel de dulzor, capacidad leudante",True,True,0.67
pure de manzana,platano maduro,0.9857,"Similar en: poder aglutinante, aporte de humedad, contenido graso, nivel de dulzor, capacidad leudante",True,True,0.67
pure de manzana,gel de linaza,0.9848,"Similar en: poder aglutinante, aporte de humedad, contenido graso, nivel de dulzor, capacidad leudante",True,True,2.0
pure de remolacha,pure de zapallo,0.9925,"Similar en: poder aglutinante, aporte de humedad, contenido graso, nivel de dulzor, capacidad leudante",True,True,1.0
pure de remolacha,pure de calabaza,0.9925,"Similar en: poder aglutinante, aporte de humedad, contenido graso, nivel de dulzor, capacidad leudante",True,True,1.0
pure de remolacha,yogur vegano,0.9784,"Similar en: poder aglutinante, aporte de humedad, contenido graso, nivel de dulzor, capacidad leudante",True,True,3.0
pure de remolacha,tofu sedoso,0.9703,"Similar en: poder aglutinante, aporte de humedad, contenido graso, nivel de dulzor, capacidad leudante",True,True,2.5
pure de remolacha,pure de manzana,0.97,"Similar en: poder aglutinante, aporte de humedad, contenido graso, nivel de dulzor, capacidad leudante",True,True,1.5
pure de zapallo,pure de calabaza,1.0,"Similar en: poder aglutinante, aporte de humedad, contenido graso, nivel de dulzor, capacidad leudante",True,True,1.0
pure de zapallo,pure de remolacha,0.9925,"Similar en: poder aglutinante, aporte de humedad, contenido graso, nivel de dulzor, capacidad leudante",True,True,1.0
pure de zapallo,tofu sedoso,0.9923,"Similar en: poder aglutinante, aporte de humedad, contenido graso, nivel de dulzor, capacidad leudante",True,True,2.5
pure de zapallo,pure de manzana,0.9888,"Similar en: poder aglutinante, aporte de humedad, contenido graso, nivel de dulzor, capacidad leudante",True,True,1.5
pure de zapallo,yogur natural,0.9833,"Similar en: poder aglutinante, aporte de humedad, contenido graso, nivel de dulzor, capacidad leudante",False,True,2.0
queso crema,crema,0.8812,"Similar en: poder aglutinante, aporte de humedad, contenido graso, nivel de dulzor, capacidad leudante",False,True,0.3
queso crema,crema de coco,0.8675,"Similar en: poder aglutinante, aporte de humedad, contenido graso, nivel de dulzor, capacidad leudante",True,True,0.35
queso crema,aguacate,0.8316,"Similar en: poder aglutinante, aporte de humedad, contenido graso, nivel de dulzor, capacidad leudante",True,True,0.25
queso crema,leche de coco,0.8268,"Similar en: poder aglutinante, aporte de humedad, contenido graso, nivel de dulzor, capacidad leudante",True,True,0.18
queso crema,crema agria,0.8196,"Similar en: poder aglutinante, aporte de humedad, contenido graso, nivel de dulzor, capacidad leudante",False,True,0.25
sal,cafe soluble,0.9992,"Similar en: poder aglutinante, aporte de humedad, contenido graso, nivel de dulzor, capacidad leudante",True,True,40.0
sal,canela,0.9937,"Similar en: poder aglutinante, aporte de humedad, contenido graso, nivel de dulzor, capacidad leudante",True,True,20.0
sal,harina de maiz,0.9906,"Similar en: poder aglutinante, aporte de humedad, contenido graso, nivel de dulzor, capacidad leudante",True,True,3.0
sal,harina de arroz,0.9858,"Similar en: poder aglutinante, aporte de humedad, contenido graso, nivel de dulzor, capacidad leudante",True,True,4.0
sal,cacao en polvo,0.9605,"Similar en: poder aglutinante, aporte de humedad, contenido graso, nivel de dulzor, capacidad leudante",True,True,30.0
semillas de lino,harina de almendra,0.9957,"Similar en: poder aglutinante, aporte de humedad, contenido graso, nivel de dulzor, capacidad leudante",True,True,3.0
semillas de lino,mantequilla de mani,0.9936,"Similar en: poder aglutinante, aporte de humedad, contenido graso, nivel de dulzor, capacidad leudante",True,True,1.67
semillas de lino,nueces molidas,0.9643,"Similar en: poder aglutinante, aporte de humedad, nivel de dulzor, capacidad leudante",True,True,2.5
semillas de lino,margarina vegana,0.9088,"Similar en: poder aglutinante, aporte de humedad, nivel de dulzor, capacidad leudante",True,True,1.33
semillas de lino,mantequilla,0.9085,"Similar en: poder aglutinante, aporte de humedad, nivel de dulzor, capacidad leudante",False,True,2.0
semola,harina de trigo,0.9998,"Similar en: poder aglutinante, aporte de humedad, contenido graso, nivel de dulzor, capacidad leudante",True,False,0.9
semola,avena,0.9851,"Similar en: poder aglutinante, aporte de humedad, contenido graso, nivel de dulzor, capacidad leudante",True,True,2.0
semola,harina de avena,0.985,"Similar en: poder aglutinante, aporte de humedad, contenido graso, nivel de dulzor, capacidad leudante",True,True,3.0
semola,harina de arroz,0.9663,"Similar en: poder aglutinante, aporte de humedad, contenido graso, nivel de dulzor, capacidad leudante",True,True,2.0
semola,almidon de maiz,0.9649,"Similar en: poder aglutinante, aporte de humedad, contenido graso, nivel de dulzor, capacidad leudante",True,True,3.0
stevia,eritritol,0.9979,"Similar en: poder aglutinante, aporte de humedad, contenido graso, nivel de dulzor, capacidad leudante",True,True,0.72
stevia,xilitol,0.9979,"Similar en: poder aglutinante, aporte de humedad, contenido graso, nivel de dulzor, capacidad leudante",True,True,0.8
stevia,azucar flor,0.9973,"Similar en: poder aglutinante, aporte de humedad, contenido graso, nivel de dulzor, capacidad leudante",True,True,0.07
stevia,azucar blanca,0.9972,"Similar en: poder aglutinante, aporte de humedad, contenido graso, nivel de dulzor, capacidad leudante",True,True,0.05
stevia,azucar de coco,0.995,"Similar en: poder aglutinante, aporte de humedad, contenido graso, nivel de dulzor, capacidad leudante",True,True,0.56
tapioca,almidon de maiz,0.9977,"Similar en: poder aglutinante, aporte de humedad, contenido graso, nivel de dulzor, capacidad leudante",True,True,0.6
tapioca,harina integral,0.9975,"Similar en: poder aglutinante, aporte de humedad, contenido graso, nivel de dulzor, capacidad leudante",True,False,0.24
tapioca,harina de quinoa,0.9874,"Similar en: poder aglutinante, aporte de humedad, contenido graso, nivel de dulzor, capacidad leudante",True,True,1.6
tapioca,almidon de papa,0.967,"Similar en: poder aglutinante, aporte de humedad, contenido graso, nivel de dulzor, capacidad leudante",True,True,0.8
tapioca,harina de garbanzo,0.9616,"Similar en: poder aglutinante, aporte de humedad, contenido graso, nivel de dulzor, capacidad leudante",True,True,0.8
tofu sedoso,pure de manzana,0.9946,"Similar en: poder aglutinante, aporte de humedad, contenido graso, nivel de dulzor, capacidad leudante",True,True,0.6
tofu sedoso,pure de zapallo,0.9923,"Similar en: poder aglutinante, aporte de humedad, contenido graso, nivel de dulzor, capacidad leudante",True,True,0.4
tofu sedoso,pure de calabaza,0.9923,"Similar en: poder aglutinante, aporte de humedad, contenido graso, nivel de dulzor, capacidad leudante",True,True,0.4
tofu sedoso,gel de linaza,0.9884,"Similar en: poder aglutinante, aporte de humedad, contenido graso, nivel de dulzor, capacidad leudante",True,True,1.2
tofu sedoso,gel de chia,0.9872,"Similar en: poder aglutinante, aporte de humedad, contenido graso, nivel de dulzor, capacidad leudante",True,True,1.6
vainilla extracto,leche de arroz,0.9335,"Similar en: poder aglutinante, contenido graso, nivel de dulzor, capacidad leudante",True,True,0.08
vainilla extracto,jugo de limon,0.9045,"Similar en: poder aglutinante, contenido graso, nivel de dulzor, capacidad leudante",True,True,0.12
vainilla extracto,leche descremada,0.886,"Similar en: poder aglutinante, contenido graso, nivel de dulzor, capacidad leudante",False,True,0.04
vainilla extracto,leche de avena,0.8823,"Similar en: poder aglutinante, contenido graso, nivel de dulzor, capacidad leudante",True,True,0.11
vainilla extracto,leche de almendra,0.8687,"Similar en: poder aglutinante, contenido graso, nivel de dulzor, capacidad leudante",True,True,0.1
vinagre blanco,jugo de limon,0.9868,"Similar en: poder aglutinante, aporte de humedad, contenido graso, nivel de dulzor, capacidad leudante",True,True,1.5
vinagre blanco,leche de arroz,0.9419,"Similar en: poder aglutinante, aporte de humedad, contenido graso, nivel de dulzor, capacidad leudante",True,True,1.0
vinagre blanco,leche de almendra,0.934,"Similar en: poder aglutinante, aporte de humedad, contenido graso, nivel de dulzor, capacidad leudante",True,True,1.25
vinagre blanco,leche de macadamia,0.933,"Similar en: poder aglutinante, aporte de humedad, contenido graso, nivel de dulzor, capacidad leudante",True,True,2.0
vinagre blanco,leche de avena,0.9318,"Similar en: poder aglutinante, aporte de humedad, contenido graso, nivel de dulzor, capacidad leudante",True,True,1.4
xilitol,eritritol,1.0,"Similar en: poder aglutinante, aporte de humedad, contenido graso, nivel de dulzor, capacidad leudante",True,True,0.9
xilitol,stevia,0.9979,"Similar en: poder aglutinante, aporte de humedad, contenido graso, nivel de dulzor, capacidad leudante",True,True,1.25
xilitol,azucar de coco,0.9912,"Similar en: poder aglutinante, aporte de humedad, contenido graso, nivel de dulzor, capacidad leudante",True,True,0.7
xilitol,azucar blanca,0.9906,"Similar en: poder aglutinante, aporte de humedad, contenido graso, capacidad leudante",True,True,0.06
xilitol,azucar flor,0.9906,"Similar en: poder aglutinante, aporte de humedad, contenido graso, capacidad leudante",True,True,0.09
yogur natural,yogur vegano,0.9891,"Similar en: poder aglutinante, aporte de humedad, contenido graso, nivel de dulzor, capacidad leudante",True,True,1.5
yogur natural,aquafaba,0.9861,"Similar en: poder aglutinante, aporte de humedad, contenido graso, nivel de dulzor, capacidad leudante",True,True,0.5
yogur natural,pure de zapallo,0.9833,"Similar en: poder aglutinante, aporte de humedad, contenido graso, nivel de dulzor, capacidad leudante",True,True,0.5
yogur natural,pure de calabaza,0.9833,"Similar en: poder aglutinante, aporte de humedad, contenido graso, nivel de dulzor, capacidad leudante",True,True,0.5
yogur natural,tofu sedoso,0.9831,"Similar en: poder aglutinante, aporte de humedad, contenido graso, nivel de dulzor, capacidad leudante",True,True,1.25
yogur vegano,yogur natural,0.9891,"Similar en: poder aglutinante, aporte de humedad, contenido graso, nivel de dulzor, capacidad leudante",False,True,0.67
yogur vegano,pure de remolacha,0.9784,"Similar en: poder aglutinante, aporte de humedad, contenido graso, nivel de dulzor, capacidad leudante",True,True,0.33
yogur vegano,pure de zapallo,0.978,"Similar en: poder aglutinante, aporte de humedad, contenido graso, nivel de dulzor, capacidad leudante",True,True,0.33
yogur vegano,pure de calabaza,0.978,"Similar en: poder aglutinante, aporte de humedad, contenido graso, nivel de dulzor, capacidad leudante",True,True,0.33
yogur vegano,tofu sedoso,0.9609,"Similar en: poder aglutinante, aporte de humedad, contenido graso, nivel de dulzor, capacidad leudante",True,True,0.83
